{"cameraMode":{"drawMode":0,"name":"Shaded","section":"Shading Mode"},"sceneLighting":false,"audioPlay":false,"sceneViewState":{"m_AlwaysRefresh":false,"showFog":true,"showSkybox":true,"showFlares":true,"showImageEffects":true,"showParticleSystems":true,"showVisualEffectGraphs":true,"m_FxEnabled":true},"in2DMode":false,"pivot":{"x":10.545348167419434,"y":15.626174926757813,"z":32.34720993041992},"rotation":{"x":0.06530958414077759,"y":0.927111029624939,"z":-0.3183077871799469,"w":0.18889233469963075},"size":0.8660253882408142,"orthographic":false}